case,median_us,allocations,allocated_bytes,samples,iterations_per_sample
store_open/1000,2256.526,11383,8149002,81,1
memory_open/1000,4182.509,11391,8165322,27,1
render/1000,20.749,1,134559,3134,3
idle_jobs/1000,0.008,0,0,95258,262
append/1000,12873.070,29,771,8,1
pending_jobs/1000,584.142,140,876309,28,1
store_open/10000,25147.491,113392,84536845,8,1
memory_open/10000,58469.340,113400,84553165,5,1
render/10000,24.934,1,134732,2654,3
idle_jobs/10000,0.009,0,0,39628,523
append/10000,13016.601,29,771,5,1
pending_jobs/10000,1714.403,140,876800,5,1
store_open/100000,361063.936,1133396,838163899,5,1
memory_open/100000,810834.613,1133404,838180219,5,1
render/100000,29.470,1,134428,3365,2
idle_jobs/100000,0.011,0,0,40167,454
append/100000,27806.597,29,771,5,1
pending_jobs/100000,13130.145,140,876997,5,1
cache_blocks/ascii,3.942,33,136678,7176,7
cap/ascii,15.152,1,30000,2189,6
flatten/ascii,40.532,1,132000,2457,2
cache_blocks/unicode,64.291,33,220678,3035,1
cap/unicode,24.521,1,53936,1813,4
flatten/unicode,81.113,1,216000,2456,1
